id,sexe,normal,curacio,edat
1,M,0.5010061,FALSE,67
2,D,-0.3094905,TRUE,78
3,M,-0.6568773,FALSE,89
4,D,-0.7792013,TRUE,86
5,M,-1.6813112,FALSE,56
6,D,0.6612151,TRUE,90
7,M,0.5172920,FALSE,68
8,D,1.4260196,TRUE,82
9,M,0.5343592,FALSE,92
10,D,0.9809067,TRUE,67
